{
  "taskPlayerPowerUpdateMinutes": 1.0,
  "taskPlayerDataRemoveMinutes": 5.0,
  "taskEconLandRewardMinutes": 20.0,
  "removePlayerDataWhenBanned": true,
  "removePlayerDataAfterInactiveDays": 20.0,
  "radiusClaimFailureLimit": 9,
  "radiusClaimRadiusLimit": 5,
  "chatSetFormat": false,
  "chatSetFormatAt": "LOWEST",
  "chatSetFormatTo": "<{factions_relcolor}§l{factions_roleprefix}§r{factions_relcolor}{factions_name|rp}§f%1$s> %2$s",
  "chatParseTags": true,
  "chatParseTagsAt": "LOW",
  "herochatFactionName": "Faction",
  "herochatFactionNick": "F",
  "herochatFactionFormat": "{color}[&l{nick}&r{color} &l{factions_roleprefix}&r{color}{factions_title|rp}{sender}{color}] &f{msg}",
  "herochatFactionColor": "GREEN",
  "herochatFactionDistance": 0,
  "herochatFactionIsShortcutAllowed": false,
  "herochatFactionCrossWorld": true,
  "herochatFactionMuted": false,
  "herochatFactionWorlds": [],
  "herochatAlliesName": "Allies",
  "herochatAlliesNick": "A",
  "herochatAlliesFormat": "{color}[&l{nick}&r&f {factions_relcolor}&l{factions_roleprefix}&r{factions_relcolor}{factions_name|rp}{sender}{color}] &f{msg}",
  "herochatAlliesColor": "DARK_PURPLE",
  "herochatAlliesDistance": 0,
  "herochatAlliesIsShortcutAllowed": false,
  "herochatAlliesCrossWorld": true,
  "herochatAlliesMuted": false,
  "herochatAlliesWorlds": [],
  "colorMember": "GREEN",
  "colorAlly": "DARK_PURPLE",
  "colorTruce": "LIGHT_PURPLE",
  "colorNeutral": "WHITE",
  "colorEnemy": "RED",
  "colorNoPVP": "GOLD",
  "colorFriendlyFire": "DARK_RED",
  "prefixLeader": "**",
  "prefixOfficer": "*",
  "prefixMember": "+",
  "prefixRecruit": "-",
  "playersWhoBypassAllProtection": [],
  "worldsNoClaiming": [],
  "worldsNoPowerLoss": [],
  "worldsIgnorePvP": [],
  "handleExploitObsidianGenerators": true,
  "handleExploitEnderPearlClipping": true,
  "handleExploitTNTWaterlog": false,
  "logFactionCreate": true,
  "logFactionDisband": true,
  "logFactionJoin": true,
  "logFactionKick": true,
  "logFactionLeave": true,
  "logLandClaims": true,
  "logLandUnclaims": true,
  "logMoneyTransactions": true,
  "logPlayerCommands": true
}