{
  "name": "WarZone",
  "description": "Not the safest place to be",
  "createdAtMillis": 1580764912880,
  "open": false,
  "flags": {
    "PERMANENT": true,
    "PEACEFUL": true,
    "INFPOWER": true,
    "POWERLOSS": true,
    "PVP": true,
    "FRIENDLYFIRE": true,
    "MONSTERS": true,
    "EXPLOSIONS": true,
    "FIRESPREAD": true,
    "ENDERGRIEF": true
  },
  "perms": {
    "BUILD": [
      "LEADER",
      "OFFICER",
      "MEMBER",
      "ALLY"
    ],
    "PAINBUILD": [],
    "DOOR": [
      "MEMBER",
      "ALLY",
      "TRUCE",
      "LEADER",
      "OFFICER",
      "ENEMY",
      "RECRUIT",
      "NEUTRAL"
    ],
    "BUTTON": [
      "MEMBER",
      "ALLY",
      "TRUCE",
      "LEADER",
      "OFFICER",
      "ENEMY",
      "RECRUIT",
      "NEUTRAL"
    ],
    "LEVER": [
      "MEMBER",
      "ALLY",
      "TRUCE",
      "LEADER",
      "OFFICER",
      "ENEMY",
      "RECRUIT",
      "NEUTRAL"
    ],
    "CONTAINER": [
      "MEMBER",
      "ALLY",
      "TRUCE",
      "LEADER",
      "OFFICER",
      "ENEMY",
      "RECRUIT",
      "NEUTRAL"
    ],
    "INVITE": [
      "LEADER",
      "OFFICER"
    ],
    "KICK": [
      "LEADER",
      "OFFICER"
    ],
    "SETHOME": [
      "LEADER",
      "OFFICER"
    ],
    "WITHDRAW": [
      "LEADER",
      "OFFICER"
    ],
    "TERRITORY": [
      "MEMBER",
      "LEADER",
      "OFFICER"
    ],
    "ACCESS": [
      "LEADER",
      "OFFICER"
    ],
    "DISBAND": [
      "LEADER"
    ],
    "PERMS": [
      "LEADER"
    ]
  }
}