{
  "name": "SafeZone",
  "description": "Free from PVP and monsters",
  "createdAtMillis": 1580764912879,
  "open": false,
  "flags": {
    "PERMANENT": true,
    "PEACEFUL": true,
    "INFPOWER": true,
    "POWERLOSS": false,
    "PVP": false,
    "FRIENDLYFIRE": false,
    "MONSTERS": false,
    "EXPLOSIONS": false,
    "FIRESPREAD": false,
    "ENDERGRIEF": false
  },
  "perms": {
    "BUILD": [
      "LEADER",
      "OFFICER",
      "MEMBER",
      "ALLY"
    ],
    "PAINBUILD": [],
    "DOOR": [
      "MEMBER",
      "ALLY",
      "TRUCE",
      "LEADER",
      "OFFICER",
      "ENEMY",
      "RECRUIT",
      "NEUTRAL"
    ],
    "BUTTON": [
      "MEMBER",
      "ALLY",
      "TRUCE",
      "LEADER",
      "OFFICER",
      "ENEMY",
      "RECRUIT",
      "NEUTRAL"
    ],
    "LEVER": [
      "MEMBER",
      "ALLY",
      "TRUCE",
      "LEADER",
      "OFFICER",
      "ENEMY",
      "RECRUIT",
      "NEUTRAL"
    ],
    "CONTAINER": [
      "MEMBER",
      "ALLY",
      "TRUCE",
      "LEADER",
      "OFFICER",
      "ENEMY",
      "RECRUIT",
      "NEUTRAL"
    ],
    "INVITE": [
      "LEADER",
      "OFFICER"
    ],
    "KICK": [
      "LEADER",
      "OFFICER"
    ],
    "SETHOME": [
      "LEADER",
      "OFFICER"
    ],
    "WITHDRAW": [
      "LEADER",
      "OFFICER"
    ],
    "TERRITORY": [
      "MEMBER",
      "LEADER",
      "OFFICER"
    ],
    "ACCESS": [
      "LEADER",
      "OFFICER"
    ],
    "DISBAND": [
      "LEADER"
    ],
    "PERMS": [
      "LEADER"
    ]
  }
}